-- cinemas

INSERT INTO cinemas (cinema_name, location, cinema_phone, email, website, cinema_logo, created_at) VALUES
('Skyline Cinema', 'Addis Ababa, Ethiopia', '+251911223344', 'skyline@cinema.com', 'www.skylinecinema.com', 'skyline_logo.png', '2021-03-15 09:30:00'),
('Mega Entertainment', 'Dire Dawa, Ethiopia', '+251922334455', 'mega@entertainment.com', 'www.megaet.com', 'mega_logo.png', '2021-05-20 10:45:00'),
('Ethiopia Grand Cinema', 'Adama, Ethiopia', '+251933445566', 'ethiogr@cinema.com', 'www.ethiogr.com', 'ethiogr_logo.png', '2021-07-12 15:15:00'),
('Luna Movie Theater', 'Bahir Dar, Ethiopia', '+251944556677', 'luna@movietheater.com', 'www.lunacinema.com', 'luna_logo.png', '2022-01-05 08:30:00'),
('Royal Cinemax', 'Mekele, Ethiopia', '+251955667788', 'royal@cinemax.com', 'www.royalcinemax.com', 'royal_logo.png', '2022-04-18 11:10:00'),
('Galaxy Movies', 'Hawassa, Ethiopia', '+251966778899', 'galaxy@movies.com', 'www.galaxymovies.com', 'galaxy_logo.png', '2022-06-25 17:45:00'),
('Platinum Cinema', 'Gondar, Ethiopia', '+251977889900', 'platinum@cinema.com', 'www.platinumcinema.com', 'platinum_logo.png', '2022-08-19 14:20:00'),
('Sunset Theatre', 'Jimma, Ethiopia', '+251988990011', 'sunset@theatre.com', 'www.sunsettheatre.com', 'sunset_logo.png', '2022-11-11 19:55:00'),
('Diamond Screens', 'Harar, Ethiopia', '+251999001122', 'diamond@screens.com', 'www.diamondscreens.com', 'diamond_logo.png', '2023-02-14 21:30:00'),
('Starlight Cinema', 'Debre Birhan, Ethiopia', '+251910112233', 'starlight@cinema.com', 'www.starlightcinema.com', 'starlight_logo.png', '2023-04-09 13:40:00'),
('Emerald Movie House', 'Woldia, Ethiopia', '+251955667788', 'emerald@moviehouse.com', 'www.emeraldmoviehouse.com', 'emerald_logo.png', '2023-06-30 16:15:00'),
('Sunshine Cinema', 'Asosa, Ethiopia', '+251966778899', 'sunshine@cinema.com', 'www.sunshinecinema.com', 'sunshine_logo.png', '2023-09-05 12:50:00'),
('Moonlight Movies', 'Dessie, Ethiopia', '+251977889900', 'moonlight@movies.com', 'www.moonlightmovies.com', 'moonlight_logo.png', '2023-11-22 18:10:00'),
('CineWorld', 'Shashamane, Ethiopia', '+251988990011', 'cineworld@cinema.com', 'www.cineworld.com', 'cineworld_logo.png', '2024-01-13 10:25:00'),
('Regal Theaters', 'Gambela, Ethiopia', '+251999001122', 'regal@theaters.com', 'www.regaltheaters.com', 'regal_logo.png', '2024-02-07 14:00:00'),
('Grand Multiplex', 'Jijiga, Ethiopia', '+251910112233', 'grand@multiplex.com', 'www.grandmultiplex.com', 'grand_logo.png', '2024-03-21 09:45:00'),
('Vision Cinemas', 'Modjo, Ethiopia', '+251955667788', 'vision@cinemas.com', 'www.visioncinemas.com', 'vision_logo.png', '2024-05-10 17:30:00'),
('Pearl Movie House', 'Hosaena, Ethiopia', '+251966778899', 'pearl@moviehouse.com', 'www.pearlmoviehouse.com', 'pearl_logo.png', '2024-06-18 16:55:00'),
('Sunbeam Cinemax', 'Arba Minch, Ethiopia', '+251977889900', 'sunbeam@cinemax.com', 'www.sunbeamcinemax.com', 'sunbeam_logo.png', '2024-08-04 11:20:00'),
('Vista Entertainment', 'Nekemte, Ethiopia', '+251988990011', 'vista@entertainment.com', 'www.vistaentertainment.com', 'vista_logo.png', '2024-09-29 19:05:00'),
('Cinema Royal', 'Bishoftu, Ethiopia', '+251999001122', 'cinemaroyal@cinema.com', 'www.cinemaroyal.com', 'cinemaroyal_logo.png', '2024-11-15 08:30:00'),
('Opal Movie Hub', 'Wolkite, Ethiopia', '+251910112233', 'opal@moviehub.com', 'www.opalmoviehub.com', 'opal_logo.png', '2025-01-02 14:10:00'),
('Dreamland Theaters', 'Sodo, Ethiopia', '+251955667788', 'dreamland@theaters.com', 'www.dreamlandtheaters.com', 'dreamland_logo.png', '2025-02-17 18:45:00'),
('Majestic Cinemas', 'Mizan Teferi, Ethiopia', '+251966778899', 'majestic@cinemas.com', 'www.majesticcinemas.com', 'majestic_logo.png', '2025-03-21 20:30:00'),
('Nova Screens', 'Metu, Ethiopia', '+251977889900', 'nova@screens.com', 'www.novascreens.com', 'nova_logo.png', '2025-04-05 12:00:00');


-- cinema-details
INSERT INTO cinema_details (cinema_id, op_hours, screen_rooms, seating_capacity, languages, facilities, tin_number, business_license, payment_methods) VALUES
(1, '09:00 AM - 11:00 PM', 5, 500, 'English, Amharic', '3D, Dolby Atmos, VIP Lounge', 100000000001, 'BL-12345', 'Cash, Card, Mobile Payment'),
(2, '10:00 AM - 12:00 AM', 7, 700, 'English, Amharic, Afan Oromo', 'IMAX, VIP Lounge, Food Court', 100000000002, 'BL-12346', 'Card, Mobile Payment'),
(3, '08:30 AM - 10:30 PM', 4, 400, 'English, Amharic', 'Dolby Digital, Recliner Seats', 100000000003, 'BL-12347', 'Cash, Card'),
(4, '11:00 AM - 01:00 AM', 6, 600, 'English, Tigrigna', '3D, Surround Sound', 100000000004, 'BL-12348', 'Mobile Payment, Card'),
(5, '10:30 AM - 12:30 AM', 8, 800, 'English, Amharic', 'VIP Lounge, Dolby Atmos, 4DX', 100000000005, 'BL-12349', 'Cash, Card, Mobile Payment'),
(6, '09:00 AM - 11:00 PM', 5, 500, 'English, Amharic, Sidama', '3D, Luxury Seats', 100000000006, 'BL-12350', 'Cash, Mobile Payment'),
(7, '10:00 AM - 12:00 AM', 6, 650, 'English, Amharic', 'Dolby Digital, Family Lounge', 100000000007, 'BL-12351', 'Card, Mobile Payment'),
(8, '08:30 AM - 10:30 PM', 4, 400, 'English, Amharic', 'Dolby Digital, Food Court', 100000000008, 'BL-12352', 'Cash, Card'),
(9, '11:00 AM - 01:00 AM', 7, 700, 'English, Harari', 'IMAX, VIP Lounge', 100000000009, 'BL-12353', 'Mobile Payment, Card'),
(10, '10:30 AM - 12:30 AM', 5, 500, 'English, Amharic', '3D, Dolby Atmos', 100000000010, 'BL-12354', 'Cash, Card, Mobile Payment'),
(11, '09:00 AM - 11:00 PM', 4, 450, 'English, Amharic', 'Luxury Recliner Seats, Food Court', 100000000011, 'BL-12355', 'Cash, Mobile Payment'),
(12, '10:00 AM - 12:00 AM', 6, 600, 'English, Afan Oromo', 'Dolby Digital, IMAX', 100000000012, 'BL-12356', 'Card, Mobile Payment'),
(13, '08:30 AM - 10:30 PM', 3, 300, 'English, Amharic', 'Dolby Digital, Surround Sound', 100000000013, 'BL-12357', 'Cash, Card'),
(14, '11:00 AM - 01:00 AM', 7, 750, 'English, Somali', 'VIP Lounge, 3D', 100000000014, 'BL-12358', 'Mobile Payment, Card'),
(15, '10:30 AM - 12:30 AM', 8, 850, 'English, Amharic', 'Dolby Atmos, 4DX', 100000000015, 'BL-12359', 'Cash, Card, Mobile Payment'),
(16, '09:00 AM - 11:00 PM', 5, 500, 'English, Amharic, Gurage', '3D, Dolby Digital', 100000000016, 'BL-12360', 'Cash, Mobile Payment'),
(17, '10:00 AM - 12:00 AM', 6, 620, 'English, Amharic', 'Luxury Recliner Seats, Food Court', 100000000017, 'BL-12361', 'Card, Mobile Payment'),
(18, '08:30 AM - 10:30 PM', 4, 400, 'English, Amharic', 'Dolby Digital, Family Lounge', 100000000018, 'BL-12362', 'Cash, Card'),
(19, '11:00 AM - 01:00 AM', 7, 700, 'English, Afan Oromo', 'IMAX, VIP Lounge', 100000000019, 'BL-12363', 'Mobile Payment, Card'),
(20, '10:30 AM - 12:30 AM', 5, 550, 'English, Amharic', '3D, Dolby Atmos', 100000000020, 'BL-12364', 'Cash, Card, Mobile Payment'),
(21, '09:00 AM - 11:00 PM', 4, 420, 'English, Tigrigna', 'Luxury Recliner Seats, Dolby Digital', 100000000021, 'BL-12365', 'Cash, Mobile Payment'),
(22, '10:00 AM - 12:00 AM', 6, 610, 'English, Amharic', 'Dolby Digital, IMAX', 100000000022, 'BL-12366', 'Card, Mobile Payment'),
(23, '08:30 AM - 10:30 PM', 3, 310, 'English, Somali', 'Dolby Digital, Surround Sound', 100000000023, 'BL-12367', 'Cash, Card'),
(24, '11:00 AM - 01:00 AM', 7, 740, 'English, Amharic', 'VIP Lounge, 3D', 100000000024, 'BL-12368', 'Mobile Payment, Card'),
(25, '10:30 AM - 12:30 AM', 8, 860, 'English, Amharic', 'Dolby Atmos, 4DX', 100000000025, 'BL-12369', 'Cash, Card, Mobile Payment');


-- admins
INSERT INTO admins (cinema_id, admin_name, admin_contact, admin_email, admin_password, admin_id_card, admin_employment_document, created_at) VALUES
(1, 'Samuel Bekele', '+251911223344', 'samuel.bekele@cinema1.com', 'hashedpassword1', 'id_card1.jpg', 'employment_doc1.pdf', '2022-01-15 10:30:00'),
(2, 'Hana Alemu', '+251922334455', 'hana.alemu@cinema2.com', 'hashedpassword2', 'id_card2.jpg', 'employment_doc2.pdf', '2022-02-18 12:15:00'),
(3, 'Mulugeta Getachew', '+251933445566', 'mulugeta.getachew@cinema3.com', 'hashedpassword3', 'id_card3.jpg', 'employment_doc3.pdf', '2022-03-10 14:20:00'),
(4, 'Amanuel Tadesse', '+251944556677', 'amanuel.tadesse@cinema4.com', 'hashedpassword4', 'id_card4.jpg', 'employment_doc4.pdf', '2022-04-05 09:45:00'),
(5, 'Tigist Kassa', '+251955667788', 'tigist.kassa@cinema5.com', 'hashedpassword5', 'id_card5.jpg', 'employment_doc5.pdf', '2022-05-22 16:10:00'),
(6, 'Daniel Tesfaye', '+251966778899', 'daniel.tesfaye@cinema6.com', 'hashedpassword6', 'id_card6.jpg', 'employment_doc6.pdf', '2022-06-30 11:05:00'),
(7, 'Meklit Assefa', '+251977889900', 'meklit.assefa@cinema7.com', 'hashedpassword7', 'id_card7.jpg', 'employment_doc7.pdf', '2022-07-18 17:45:00'),
(8, 'Abel Girma', '+251988990011', 'abel.girma@cinema8.com', 'hashedpassword8', 'id_card8.jpg', 'employment_doc8.pdf', '2022-08-25 13:30:00'),
(9, 'Fikir Yared', '+251999001122', 'fikir.yared@cinema9.com', 'hashedpassword9', 'id_card9.jpg', 'employment_doc9.pdf', '2022-09-14 15:20:00'),
(10, 'Yonas Hailemariam', '+251910112233', 'yonas.hailemariam@cinema10.com', 'hashedpassword10', 'id_card10.jpg', 'employment_doc10.pdf', '2022-10-10 08:55:00'),
(11, 'Selamawit Tsegaye', '+251921223344', 'selamawit.tsegaye@cinema11.com', 'hashedpassword11', 'id_card11.jpg', 'employment_doc11.pdf', '2022-11-05 18:00:00'),
(12, 'Henok Biruk', '+251932334455', 'henok.biruk@cinema12.com', 'hashedpassword12', 'id_card12.jpg', 'employment_doc12.pdf', '2022-12-22 19:30:00'),
(13, 'Rahel Tadesse', '+251943445566', 'rahel.tadesse@cinema13.com', 'hashedpassword13', 'id_card13.jpg', 'employment_doc13.pdf', '2023-01-12 10:15:00'),
(14, 'Getahun Mesfin', '+251954556677', 'getahun.mesfin@cinema14.com', 'hashedpassword14', 'id_card14.jpg', 'employment_doc14.pdf', '2023-02-28 14:45:00'),
(15, 'Sosina Worku', '+251965667788', 'sosina.worku@cinema15.com', 'hashedpassword15', 'id_card15.jpg', 'employment_doc15.pdf', '2023-03-19 16:55:00'),
(16, 'Yared Kassahun', '+251976778899', 'yared.kassahun@cinema16.com', 'hashedpassword16', 'id_card16.jpg', 'employment_doc16.pdf', '2023-04-27 09:10:00'),
(17, 'Blen Abebe', '+251987889900', 'blen.abebe@cinema17.com', 'hashedpassword17', 'id_card17.jpg', 'employment_doc17.pdf', '2023-05-18 12:30:00'),
(18, 'Lidetu Tamiru', '+251998990011', 'lidetu.tamiru@cinema18.com', 'hashedpassword18', 'id_card18.jpg', 'employment_doc18.pdf', '2023-06-23 17:20:00'),
(19, 'Mahlet Fikadu', '+251909001122', 'mahlet.fikadu@cinema19.com', 'hashedpassword19', 'id_card19.jpg', 'employment_doc19.pdf', '2023-07-30 13:40:00'),
(20, 'Ermias Gebremedhin', '+251920112233', 'ermias.gebremedhin@cinema20.com', 'hashedpassword20', 'id_card20.jpg', 'employment_doc20.pdf', '2023-08-12 15:50:00'),
(21, 'Betelhem Yohannes', '+251931223344', 'betelhem.yohannes@cinema21.com', 'hashedpassword21', 'id_card21.jpg', 'employment_doc21.pdf', '2023-09-25 10:00:00'),
(22, 'Tadesse Alemu', '+251942334455', 'tadesse.alemu@cinema22.com', 'hashedpassword22', 'id_card22.jpg', 'employment_doc22.pdf', '2023-10-18 19:15:00'),
(23, 'Marta Zewdu', '+251953445566', 'marta.zewdu@cinema23.com', 'hashedpassword23', 'id_card23.jpg', 'employment_doc23.pdf', '2023-11-09 11:25:00'),
(24, 'Bereket Melaku', '+251964556677', 'bereket.melaku@cinema24.com', 'hashedpassword24', 'id_card24.jpg', 'employment_doc24.pdf', '2023-12-01 16:40:00'),
(25, 'Dawit Tesfahun', '+251975667788', 'dawit.tesfahun@cinema25.com', 'hashedpassword25', 'id_card25.jpg', 'employment_doc25.pdf', '2024-01-15 08:20:00');


-- operating hours
INSERT INTO operating_hours (cinema_id, day, start_time, end_time, created_at) VALUES
(1, 'Monday', '10:00:00', '23:00:00', '2022-01-15 10:30:00'),
(1, 'Tuesday', '10:00:00', '23:00:00', '2022-01-16 10:30:00'),
(1, 'Wednesday', '10:00:00', '23:00:00', '2022-01-17 10:30:00'),
(2, 'Monday', '09:30:00', '22:30:00', '2022-02-18 12:15:00'),
(2, 'Friday', '09:30:00', '00:00:00', '2022-02-19 12:15:00'),
(3, 'Saturday', '10:00:00', '01:00:00', '2022-03-10 14:20:00'),
(3, 'Sunday', '10:00:00', '22:00:00', '2022-03-11 14:20:00'),
(4, 'Thursday', '11:00:00', '23:30:00', '2022-04-05 09:45:00'),
(4, 'Saturday', '10:00:00', '01:30:00', '2022-04-06 09:45:00'),
(5, 'Monday', '08:00:00', '22:00:00', '2022-05-22 16:10:00'),
(5, 'Sunday', '10:30:00', '21:30:00', '2022-05-23 16:10:00'),
(6, 'Friday', '09:00:00', '23:00:00', '2022-06-30 11:05:00'),
(7, 'Wednesday', '11:00:00', '22:00:00', '2022-07-18 17:45:00'),
(8, 'Thursday', '12:00:00', '23:30:00', '2022-08-25 13:30:00'),
(9, 'Saturday', '10:00:00', '00:30:00', '2022-09-14 15:20:00'),
(10, 'Sunday', '09:30:00', '21:00:00', '2022-10-10 08:55:00'),
(10, 'Monday', '10:00:00', '22:00:00', '2022-10-11 08:55:00'),
(11, 'Friday', '10:00:00', '01:00:00', '2022-11-05 18:00:00'),
(12, 'Saturday', '09:00:00', '23:30:00', '2022-12-22 19:30:00'),
(13, 'Sunday', '11:00:00', '22:30:00', '2023-01-12 10:15:00'),
(14, 'Monday', '10:00:00', '23:00:00', '2023-02-28 14:45:00'),
(15, 'Tuesday', '09:30:00', '22:00:00', '2023-03-19 16:55:00'),
(16, 'Wednesday', '12:00:00', '00:00:00', '2023-04-27 09:10:00'),
(17, 'Thursday', '11:00:00', '23:00:00', '2023-05-18 12:30:00'),
(18, 'Friday', '10:00:00', '01:30:00', '2023-06-23 17:20:00');


-- movie details
INSERT INTO cinema_movies (cinema_id, admin_id, title, poster, overview, release_date, runtime, genre, rating, created_at) VALUES
(1, 1, 'Avatar: The Way of Water', 'avatar_poster.jpg', 'Jake Sully and Neytiri raise a family and fight to protect them.', '2022-12-16', 192, 'Sci-Fi, Action', 8.2, '2022-12-16 14:30:00'),
(1, 1, 'Black Panther: Wakanda Forever', 'wakanda_poster.jpg', 'The people of Wakanda fight to protect their nation.', '2022-11-11', 161, 'Action, Drama', 7.8, '2022-11-11 12:45:00'),
(2, 2, 'Top Gun: Maverick', 'topgun_poster.jpg', 'After 30 years, Maverick is still pushing the limits.', '2022-05-27', 131, 'Action, Drama', 8.6, '2022-05-27 17:00:00'),
(2, 2, 'Doctor Strange in the Multiverse of Madness', 'doctor_strange_poster.jpg', 'Dr. Strange travels across multiverses.', '2022-05-06', 126, 'Fantasy, Adventure', 7.3, '2022-05-06 15:20:00'),
(3, 3, 'Thor: Love and Thunder', 'thor_poster.jpg', 'Thor seeks inner peace, but Gorr the God Butcher interrupts.', '2022-07-08', 119, 'Action, Comedy', 6.9, '2022-07-08 16:10:00'),
(3, 3, 'Jurassic World Dominion', 'jurassic_poster.jpg', 'Dinosaurs live among humans in a new world.', '2022-06-10', 146, 'Sci-Fi, Action', 6.6, '2022-06-10 19:30:00'),
(4, 4, 'The Batman', 'batman_poster.jpg', 'Batman investigates corruption in Gotham.', '2022-03-04', 176, 'Action, Thriller', 8.0, '2022-03-04 21:15:00'),
(4, 4, 'Uncharted', 'uncharted_poster.jpg', 'Nathan Drake sets off on a treasure hunt.', '2022-02-18', 116, 'Action, Adventure', 6.7, '2022-02-18 20:10:00'),
(5, 5, 'Minions: The Rise of Gru', 'minions_poster.jpg', 'A young Gru plans to become the world’s greatest villain.', '2022-07-01', 90, 'Animation, Comedy', 6.6, '2022-07-01 14:00:00'),
(5, 5, 'Lightyear', 'lightyear_poster.jpg', 'Buzz Lightyear’s adventure to infinity and beyond.', '2022-06-17', 107, 'Animation, Sci-Fi', 6.5, '2022-06-17 13:30:00'),
(6, 6, 'Nope', 'nope_poster.jpg', 'Residents in a remote town witness something mysterious.', '2022-07-22', 130, 'Horror, Mystery', 7.0, '2022-07-22 18:45:00'),
(6, 6, 'Sonic the Hedgehog 2', 'sonic_poster.jpg', 'Sonic faces a new enemy in Dr. Robotnik.', '2022-04-08', 122, 'Action, Comedy', 7.1, '2022-04-08 16:20:00'),
(7, 7, 'The Lost City', 'lostcity_poster.jpg', 'A romance novelist gets caught in an adventure.', '2022-03-25', 112, 'Comedy, Adventure', 6.5, '2022-03-25 14:45:00'),
(7, 7, 'Black Adam', 'blackadam_poster.jpg', 'A powerful anti-hero is unleashed.', '2022-10-21', 125, 'Action, Fantasy', 6.8, '2022-10-21 15:30:00'),
(8, 8, 'Puss in Boots: The Last Wish', 'puss_poster.jpg', 'Puss in Boots embarks on a new adventure.', '2022-12-21', 100, 'Animation, Comedy', 8.1, '2022-12-21 12:50:00'),
(8, 8, 'The Bad Guys', 'badguys_poster.jpg', 'A group of criminals try to turn good.', '2022-04-22', 100, 'Animation, Crime', 6.9, '2022-04-22 11:40:00'),
(9, 9, 'Elvis', 'elvis_poster.jpg', 'A biopic on Elvis Presley’s life.', '2022-06-24', 159, 'Drama, Music', 7.3, '2022-06-24 17:10:00'),
(9, 9, 'Everything Everywhere All at Once', 'everything_poster.jpg', 'A woman explores parallel universes.', '2022-03-25', 139, 'Sci-Fi, Adventure', 8.7, '2022-03-25 19:00:00'),
(10, 10, 'Smile', 'smile_poster.jpg', 'A psychologist experiences terrifying visions.', '2022-09-30', 115, 'Horror, Thriller', 6.7, '2022-09-30 21:45:00'),
(10, 10, 'The Northman', 'northman_poster.jpg', 'A Viking seeks revenge for his father’s death.', '2022-04-22', 137, 'Action, Drama', 7.1, '2022-04-22 22:30:00'),
(11, 11, 'Glass Onion: A Knives Out Mystery', 'glassonion_poster.jpg', 'Detective Benoit Blanc returns for another case.', '2022-11-23', 139, 'Mystery, Comedy', 7.2, '2022-11-23 18:00:00'),
(12, 12, 'Bullet Train', 'bullettrain_poster.jpg', 'Assassins clash on a high-speed train.', '2022-08-05', 127, 'Action, Thriller', 7.4, '2022-08-05 17:45:00'),
(12, 12, 'DC League of Super-Pets', 'superpets_poster.jpg', 'Super-powered pets team up to save the day.', '2022-07-29', 106, 'Animation, Comedy', 6.9, '2022-07-29 13:20:00'),
(13, 13, 'Morbius', 'morbius_poster.jpg', 'A scientist turns into a vampire.', '2022-04-01', 104, 'Action, Horror', 5.2, '2022-04-01 14:30:00');


-- movie_videos
INSERT INTO movie_videos (movie_id, name, `key`, site, type, official, published_at) VALUES
(1, 'Official Trailer', '5PSNL1qE6VY', 'YouTube', 'Trailer', TRUE, '2022-09-05 10:00:00'),
(1, 'Behind The Scenes', '3VzHlX4S1YI', 'YouTube', 'Featurette', FALSE, '2022-10-15 12:00:00'),
(2, 'Wakanda Forever Trailer', 'RlOB3UALvrQ', 'YouTube', 'Trailer', TRUE, '2022-07-24 18:30:00'),
(2, 'Cast Interview', '8fDeh0YPLyE', 'YouTube', 'Interview', FALSE, '2022-08-05 14:20:00'),
(3, 'Top Gun Maverick Trailer', 'qSqVVswa420', 'YouTube', 'Trailer', TRUE, '2022-03-29 15:45:00'),
(3, 'Flight Training Scene', '9q2u2VixLqM', 'YouTube', 'Clip', FALSE, '2022-04-10 17:00:00'),
(4, 'Doctor Strange Trailer', 'aWzlQ2N6qqg', 'YouTube', 'Trailer', TRUE, '2022-02-13 13:15:00'),
(4, 'Multiverse Breakdown', 'cXoqk2R-rYA', 'YouTube', 'Featurette', FALSE, '2022-03-01 16:30:00'),
(5, 'Thor Love and Thunder Trailer', 'Go8nTmfrQd8', 'YouTube', 'Trailer', TRUE, '2022-05-24 20:10:00'),
(5, 'Meet the Cast', 'U3kcfXS_fX4', 'YouTube', 'Interview', FALSE, '2022-06-05 12:45:00'),
(6, 'Jurassic World Dominion Trailer', 'fb5ELWi-ekk', 'YouTube', 'Trailer', TRUE, '2022-04-29 11:00:00'),
(6, 'New Dino Featurette', 'XxZ8tcmLJt8', 'YouTube', 'Featurette', FALSE, '2022-05-10 14:30:00'),
(7, 'The Batman Official Trailer', 'mqqft2x_Aa4', 'YouTube', 'Trailer', TRUE, '2021-10-16 09:00:00'),
(7, 'Making Gotham', 'W-nWXFAx1q8', 'YouTube', 'Featurette', FALSE, '2022-02-20 19:15:00'),
(8, 'Uncharted Trailer', 'eHp3MbsCbMg', 'YouTube', 'Trailer', TRUE, '2021-10-21 17:00:00'),
(8, 'Action Scene Breakdown', 'yDF8h6WhPeA', 'YouTube', 'Clip', FALSE, '2022-02-08 22:10:00'),
(9, 'Minions The Rise of Gru Trailer', '6DxjJzmYsXo', 'YouTube', 'Trailer', TRUE, '2022-02-05 08:30:00'),
(9, 'Meet Young Gru', 'aE0cEq0UPtk', 'YouTube', 'Featurette', FALSE, '2022-03-02 10:45:00'),
(10, 'Lightyear Trailer', 'u5wVD19x2IA', 'YouTube', 'Trailer', TRUE, '2022-02-08 12:00:00'),
(10, 'Buzz Origins Featurette', 'xLqVqWBJtu0', 'YouTube', 'Featurette', FALSE, '2022-03-10 18:00:00'),
(11, 'Nope Official Trailer', 'In8fuzj3gck', 'YouTube', 'Trailer', TRUE, '2022-06-09 11:30:00'),
(11, 'The Meaning Behind Nope', 'ZZayUT1nJ5k', 'YouTube', 'Interview', FALSE, '2022-06-20 15:00:00'),
(12, 'Sonic 2 Trailer', 'G5kzUpWAusI', 'YouTube', 'Trailer', TRUE, '2021-12-09 10:00:00'),
(12, 'Tails & Knuckles Reveal', 'oIjjR5d4txo', 'YouTube', 'Featurette', FALSE, '2022-01-15 14:10:00'),
(13, 'The Lost City Trailer', 'nZt5eDyjiS8', 'YouTube', 'Trailer', TRUE, '2022-01-15 16:45:00');

-- cast_members
INSERT INTO movie_cast (movie_id, name, character_name, image_url) VALUES
(1, 'Tom Cruise', 'Captain Maverick', 'https://example.com/images/cruise.jpg'),
(1, 'Miles Teller', 'Rooster', 'https://example.com/images/teller.jpg'),
(1, 'Jennifer Connelly', 'Penny Benjamin', 'https://example.com/images/connelly.jpg'),
(1, 'Jon Hamm', 'Admiral Simpson', 'https://example.com/images/hamm.jpg'),
(2, 'Letitia Wright', 'Shuri', 'https://example.com/images/wright.jpg'),
(2, 'Angela Bassett', 'Ramonda', 'https://example.com/images/bassett.jpg'),
(2, 'Martin Freeman', 'Everett Ross', 'https://example.com/images/freeman.jpg'),
(2, 'Winston Duke', 'M’Baku', 'https://example.com/images/duke.jpg'),
(3, 'Tom Cruise', 'Captain Pete "Maverick" Mitchell', 'https://example.com/images/cruise2.jpg'),
(3, 'Val Kilmer', 'Admiral Tom "Iceman" Kazansky', 'https://example.com/images/val.jpg'),
(3, 'Miles Teller', 'Lieutenant Bradley "Rooster" Bradshaw', 'https://example.com/images/miles2.jpg'),
(3, 'Jennifer Connelly', 'Penny Benjamin', 'https://example.com/images/jen2.jpg'),
(4, 'Benedict Cumberbatch', 'Doctor Stephen Strange', 'https://example.com/images/cumberbatch.jpg'),
(4, 'Elizabeth Olsen', 'Wanda Maximoff / Scarlet Witch', 'https://example.com/images/olsen.jpg'),
(4, 'Benedict Wong', 'Wong', 'https://example.com/images/wong.jpg'),
(4, 'Rachel McAdams', 'Christine Palmer', 'https://example.com/images/mcadams.jpg'),
(5, 'Chris Hemsworth', 'Thor Odinson', 'https://example.com/images/hemworth.jpg'),
(5, 'Natalie Portman', 'Jane Foster / Mighty Thor', 'https://example.com/images/portman.jpg'),
(5, 'Tessa Thompson', 'Valkyrie', 'https://example.com/images/thompson.jpg'),
(5, 'Christian Bale', 'Gorr the God Butcher', 'https://example.com/images/bale.jpg'),
(6, 'Chris Pratt', 'Owen Grady', 'https://example.com/images/pratt.jpg'),
(6, 'Bryce Dallas Howard', 'Claire Dearing', 'https://example.com/images/howard.jpg'),
(6, 'Jeff Goldblum', 'Dr. Ian Malcolm', 'https://example.com/images/goldblum.jpg'),
(6, 'Laura Dern', 'Dr. Ellie Sattler', 'https://example.com/images/dern.jpg'),
(7, 'Robert Pattinson', 'Bruce Wayne / The Batman', 'https://example.com/images/pattinson.jpg'),
(7, 'Zoë Kravitz', 'Selina Kyle / Catwoman', 'https://example.com/images/kravitz.jpg');

-- cinema_show_times
INSERT INTO cinema_show_times (movie_id, show_date, show_time) VALUES
(1, '2025-02-10', '14:30:00'),
(1, '2025-02-10', '17:45:00'),
(1, '2025-02-11', '10:00:00'),
(1, '2025-02-11', '19:00:00'),
(2, '2025-02-12', '12:30:00'),
(2, '2025-02-12', '15:00:00'),
(2, '2025-02-13', '11:00:00'),
(2, '2025-02-13', '20:30:00'),
(3, '2025-02-14', '09:45:00'),
(3, '2025-02-14', '16:00:00'),
(3, '2025-02-15', '11:30:00'),
(3, '2025-02-15', '18:15:00'),
(4, '2025-02-16', '13:00:00'),
(4, '2025-02-16', '19:30:00'),
(4, '2025-02-17', '10:30:00'),
(4, '2025-02-17', '21:00:00'),
(5, '2025-02-18', '11:00:00'),
(5, '2025-02-18', '16:45:00'),
(5, '2025-02-19', '12:00:00'),
(5, '2025-02-19', '20:00:00'),
(6, '2025-02-20', '09:15:00'),
(6, '2025-02-20', '18:00:00'),
(6, '2025-02-21', '13:00:00'),
(6, '2025-02-21', '19:30:00'),
(7, '2025-02-22', '14:00:00'),
(7, '2025-02-22', '17:30:00');

-- app_users
INSERT INTO app_user (username, phone_no, user_password) VALUES
('john_doe', '1234567890', 'password123'),
('jane_smith', '0987654321', 'password456'),
('michael_jones', '1122334455', 'password789'),
('emily_davis', '6677889900', 'passwordabc'),
('david_wilson', '2233445566', 'passwordxyz'),
('susan_brown', '3344556677', 'password1234'),
('chris_miller', '5566778899', 'passwordqwerty'),
('olivia_moore', '6677889901', 'passwordpass'),
('matthew_jackson', '7788990012', 'password5678'),
('isabella_white', '8899001123', 'password9876'),
('jackson_harris', '9900112234', 'password6543'),
('lucy_clark', '1001122334', 'passwordadmin'),
('andrew_lewis', '2102233445', 'password12345'),
('grace_martin', '3203344556', 'password6789'),
('elijah_taylor', '4304455667', 'password1111'),
('emma_hall', '5405566778', 'password9999'),
('daniel_king', '6506677889', 'password4321'),
('madeline_scott', '7607788990', 'password4567'),
('joseph_lee', '8708899001', 'passwordabc123'),
('hannah_adams', '9809900112', 'password123abc'),
('matthew_garcia', '1101022334', 'passwordasdf'),
('megan_evans', '2102133445', 'passwordzxcv'),
('henry_walker', '3103244556', 'password987654'),
('anna_king', '4104355667', 'password67890'),
('lucas_chen', '5105466778', 'password!@#123');


-- cashiers
INSERT INTO cashier (cinema_id, fullname, phone, username, cashier_password) VALUES
(1, 'John Doe', '1234567890', 'john_cashier', 'password123'),
(2, 'Jane Smith', '0987654321', 'jane_cashier', 'password456'),
(3, 'Michael Johnson', '1122334455', 'michael_cashier', 'password789'),
(4, 'Emily Davis', '2233445566', 'emily_cashier', 'passwordabc'),
(5, 'David Wilson', '3344556677', 'david_cashier', 'passwordxyz'),
(6, 'Susan Brown', '4455667788', 'susan_cashier', 'password1234'),
(7, 'Chris Miller', '5566778899', 'chris_cashier', 'passwordqwerty'),
(8, 'Olivia Moore', '6677889901', 'olivia_cashier', 'passwordpass'),
(9, 'Matthew Jackson', '7788990012', 'matthew_cashier', 'password5678'),
(10, 'Isabella White', '8899001123', 'isabella_cashier', 'password9876'),
(11, 'Jackson Harris', '9900112234', 'jackson_cashier', 'password6543'),
(12, 'Lucy Clark', '1001122334', 'lucy_cashier', 'passwordadmin'),
(13, 'Andrew Lewis', '2102233445', 'andrew_cashier', 'password12345'),
(14, 'Grace Martin', '3203344556', 'grace_cashier', 'password6789'),
(15, 'Elijah Taylor', '4304455667', 'elijah_cashier', 'password1111'),
(16, 'Emma Hall', '5405566778', 'emma_cashier', 'password9999'),
(17, 'Daniel King', '6506677889', 'daniel_cashier', 'password4321'),
(18, 'Madeline Scott', '7607788990', 'madeline_cashier', 'password4567'),
(19, 'Joseph Lee', '8708899001', 'joseph_cashier', 'passwordabc123'),
(20, 'Hannah Adams', '9809900112', 'hannah_cashier', 'password123abc'),
(21, 'Matthew Garcia', '1101022334', 'matthew_cashier', 'passwordasdf'),
(22, 'Megan Evans', '2102133445', 'megan_cashier', 'passwordzxcv'),
(23, 'Henry Walker', '3103244556', 'henry_cashier', 'password987654'),
(24, 'Anna King', '4104355667', 'anna_cashier', 'password67890'),
(25, 'Lucas Chen', '5105466778', 'lucas_cashier', 'password!@#123');


-- users
INSERT INTO users (username, email, password, role, verification_code) VALUES
('username1','john_doe@example.com', 'password123', 'superadmin', 'ABC123'),
('username2','jane_smith@example.com', 'password456', 'manager', 'DEF456'),
('username3','michael_jones@example.com', 'password789', 'superadmin', 'GHI789'),
('username4','emily_davis@example.com', 'passwordabc', 'manager', 'JKL012'),
('username5','david_wilson@example.com', 'passwordxyz', 'superadmin', 'MNO345'),
('username6','susan_brown@example.com', 'password1234', 'manager', 'PQR678'),
('username7','chris_miller@example.com', 'passwordqwerty', 'superadmin', 'STU901'),
('username8','olivia_moore@example.com', 'passwordpass', 'manager', 'VWX234'),
('username9','matthew_jackson@example.com', 'password5678', 'superadmin', 'YZA567'),
('username10','isabella_white@example.com', 'password9876', 'manager', 'BCD890'),
('username11','jackson_harris@example.com', 'password6543', 'superadmin', 'EFG123'),
('username12','lucy_clark@example.com', 'passwordadmin', 'manager', 'HIJ456'),
('username13','andrew_lewis@example.com', 'password12345', 'superadmin', 'KLM789'),
('username14','grace_martin@example.com', 'password6789', 'manager', 'NOP012'),
('username15','elijah_taylor@example.com', 'password1111', 'superadmin', 'QRS345'),
('username16','emma_hall@example.com', 'password9999', 'manager', 'TUV678'),
('username17','daniel_king@example.com', 'password4321', 'superadmin', 'WXY901'),
('username18','madeline_scott@example.com', 'password4567', 'manager', 'ZAB234'),
('username19','joseph_lee@example.com', 'passwordabc123', 'superadmin', 'CDE567'),
('username20','hannah_adams@example.com', 'password123abc', 'manager', 'FGH890'),
('username21','matthew_garcia@example.com', 'passwordasdf', 'superadmin', 'IJK123'),
('username22','megan_evans@example.com', 'passwordzxcv', 'manager', 'LMN456'),
('username23','henry_walker@example.com', 'password987654', 'superadmin', 'OPQ789'),
('username24','anna_king@example.com', 'password67890', 'manager', 'RST012'),
('username25','lucas_chen@example.com', 'password!@#123', 'superadmin', 'UVW345');
